Moll,Menego,72 Jenifer Trail,London,England,WC2A 1AF,0644 543 2902
Eleen,Zywicki,41631 Dunning Drive,Sheffield,England,S33 0WU,0942 918 7431
Prent,Glazzard,35406 Fairfield Terrace,Church End,England,N3 1AG,444 755 7392
Del,Hutchison,533 Lawn Circle,Bradford,England,BD7 1EB,0866 501 4144
Dorena,Buttel,640 Morning Plaza,Walton,England,CV35 0AD,0468 453 2334
Karlan,Voysey,5 Valley Edge Alley,Edinburgh,Scotland,EH91 5AG,0951 308 9778
Salomi,McGurk,43777 Michigan Crossing,Bristol,England,BS41 8JF,0761 875 5654
Reinhold,Ferrai,6 Toban Place,Buckland,England,CT16 1AN,0184 923 2119
Quinlan,Tchir,6662 Merchant Point,London,England,W1F 0AG,0932 117 8280
Nathaniel,Scroggie,574 Center Plaza,Newtown,England,RG20 0AD,0731 924 6691
Christel,Imorts,447 South Pass,Bristol,England,BS41 8JF,0394 110 6832
Glennis,Simmonds,2234 Bashford Place,Norton,England,S8 0FA,0161 619 8861
Wally,Raecroft,32529 Colorado Lane,Twyford,England,LE14 2WB,0503 166 6538
Geno,Fritschel,8 Randy Lane,Hatton,England,CV35 0AD,0105 252 0118
Hyacinthia,Caldicott,644 Transport Crossing,Newbiggin,England,NE46 1AB,0899 323 5869
Otha,Hobben,6896 Ridge Oak Circle,Dean,England,OX7 3AA,0602 955 1224
Dulcinea,Townshend,81 Dakota Pass,Birmingham,England,B40 1PA,0392 340 0157
Bev,Grutchfield,857 Clemons Street,London,England,WC1B 3AD,0879 576 6186
Lowrance,Southgate,8 Talmadge Pass,London,England,SW1E 5BA,0111 564 9550
Maurine,MacPeice,703 Lerdahl Place,Milton,England,NG22 0AN,0205 942 9228
Baillie,Vasilchenko,67658 Comanche Street,Buckland,England,CT16 1AB,0609 748 5074
Geralda,MacGaughey,28099 Grayhawk Alley,Brampton,England,NR34 0ND,0852 100 5874
Kristel,Houlworth,937 Brickson Park Lane,Bristol,England,BS41 8JG,0898 343 3414
Kent,Ingleson,011 Kennedy Plaza,Norton,England,NN11 0GD,0176 801 7440
Wright,Jolly,726 Arrowood Junction,Liverpool,England,L33 0XB,0913 285 5440
Mac,Gooderham,26659 Summerview Place,Buckland,England,CT16 1AB,0544 985 0728
Jaclin,Rochford,7 Gerald Street,Newtown,England,RG20 0AD,0638 938 9216
Mair,Blethin,13126 3rd Road,Wootton,England,NN4 0LY,0290 252 3141
Annetta,Belleny,9 Norway Maple Court,Thorpe,England,BD23 1AA,0467 373 1663
Baxie,Anthill,88 American Junction,Dean,England,OX7 3AE,0781 945 8523
Tamarah,Perrott,66053 Westerfield Lane,West End,England,DN36 4AD,0100 123 5998
Ashla,Daughtry,38346 Katie Hill,Newport,England,NR29 3AJ,0591 565 0421
Simone,Stoggell,404 Lakeland Avenue,Milton,England,NG22 0AP,0322 918 4187
Tootsie,Lant,901 Boyd Alley,Stapleford,England,LN6 0AD,0384 461 4246
Hardy,Timcke,53737 Pond Parkway,Langley,England,SG4 0AA,0934 887 7983
Marika,Hatliff,86057 Hagan Circle,Merton,England,SW19 3RZ,0830 150 3668
Isabelita,Wyllcocks,50 Alpine Circle,Merton,England,SW19 1ZW,0253 349 0800
Kristin,Swiggs,8300 Coolidge Park,Upton,England,DN21 1AD,0418 976 4971
Lyell,Lamers,43787 Thackeray Drive,London,England,EC3M 1AJ,0477 797 8826
Marsh,Claire,7 Sullivan Road,Dean,England,OX7 3AE,0338 229 9709
Annecorinne,Emeney,2930 Oneill Lane,London,England,WC2A 1AF,0721 908 3828
John,Abadam,91 Eastwood Street,Buckland,England,CT16 1AJ,0626 204 3486
Denni,Mattia,133 Westport Hill,Belfast,Northern Ireland,BT20 3AF,0389 178 8306
Johnath,Bernardez,207 Hanson Way,Swindon,England,SN1 1DG,0202 280 2960
Judy,Pinshon,8668 Dawn Alley,Buckland,England,CT16 1AB,0373 463 5022
Jourdain,Stovold,30671 Dahle Drive,Hatton,England,CV35 0AD,0979 453 4143
Giles,Evequot,773 Lawn Crossing,Aberdeen,Scotland,AB39 2AJ,0310 181 3539
Donia,O'Cridigan,3 Northport Court,Newtown,England,RG20 0YN,0610 816 4900
Kaila,Farmloe,070 Truax Plaza,Horton,England,BS37 0BN,0996 445 8280
Bret,Abade,44 Mitchell Point,Buckland,England,CT16 1AJ,0657 738 0553
Keven,Vokes,88988 Bluejay Trail,Church End,England,N3 1AD,0493 272 8932
Elton,McGunley,80059 Northwestern Street,Edinburgh,Scotland,EH91 5AF,0303 738 7203
Judye,Ivashnikov,2 Hooker Lane,Manchester,England,M14 0SP,0122 287 5048
Anissa,Thys,18 Park Meadow Junction,Church End,England,CB4 0AB,0534 203 4940
Sybil,Quipp,3 Loftsgordon Hill,Hatton,England,CV35 0AD,0699 522 4713
Joycelin,Bielfeld,66 Northwestern Crossing,Middleton,England,LE16 0AN,0886 129 5678
Erika,Shulem,7253 Gina Plaza,Merton,England,SW19 1ZW,0894 719 7578
Fields,Dimock,4 Carey Crossing,Carlton,England,DL8 1AQ,0203 473 6811
Ruddie,Twelftree,398 International Lane,Twyford,England,LE14 2FA,0744 363 8711
Damita,Bulluck,7 Forster Center,Denton,England,M34 0AT,0920 816 4666
Caron,Seedhouse,8330 Grim Parkway,London,England,W1F 0AH,0497 215 6966
Monique,Popham,04 Derek Center,Swindon,England,SN1 1DG,0683 618 2038
Wylie,De Angelis,77 Morning Point,Swindon,England,SN1 1DG,0939 651 4212
Thorsten,Heare,42178 Hagan Avenue,East End,England,BH21 1AJ,0662 145 9592
Clemmy,Coupe,275 Beilfuss Center,Horton,England,BS37 0BN,0416 825 8935
Alysa,Bondley,624 Dryden Park,Walton,England,CV35 0AD,0561 354 8496
Hillary,Puckey,8 Sheridan Lane,Swindon,England,SN1 1DG,0401 992 7307
Eve,McHardy,81630 Gina Place,Brampton,England,NR34 0ND,0879 946 5358
Cori,Viant,2256 Cascade Way,Ford,England,GL5 4GA,0619 382 2030
Cale,Lamke,79763 Oakridge Point,Newton,England,NG34 0WA,0774 636 5651
Prince,Filipyev,5145 Londonderry Court,Ford,England,GL5 4GA,0954 536 4562
Harriett,Burstowe,8578 Spohn Avenue,Weston,England,GU32 1YP,0587 711 2548
Minny,Rubenchik,7318 Northview Pass,Seaton,England,LE15 0BG,0979 573 9917
Kissee,Pancoast,8 Warner Circle,Newton,Scotland,IV10 8AG,0827 415 9594
Jennie,Olivet,1287 Grayhawk Hill,Liverpool,England,L33 0XB,0469 853 4175
Pierette,Netting,10 Lighthouse Bay Place,London,England,W1F 0AH,0322 991 9083
Joey,Pautot,92 Johnson Pass,Weston,England,GU32 1AE,0454 671 8173
Sal,Hymas,42279 Everett Road,Norton,England,S8 0FA,0934 279 3427
Shalom,Waudby,68 Hanson Center,Newtown,England,RG20 0YN,0995 772 4154
Farrah,Hofler,44163 Northfield Avenue,Burnside,Scotland,EH52 5WX,0104 405 7368
Dido,Staines,33 Dawn Avenue,Newton,Scotland,IV10 8AB,0725 982 7391
Perren,Boater,6 Karstens Pass,Upton,England,DN21 1AH,0173 105 2013
Saundra,Crutch,51838 North Hill,Upton,England,WF9 1QA,0259 246 0508
Archaimbaud,Franzman,1082 Beilfuss Center,Newton,England,NG34 0XD,0136 575 5441
Wilbert,Watsham,01 Eastlawn Drive,Upton,England,WF9 1QA,0296 420 4586
Wallis,Ferrieri,8084 Corscot Park,Dean,England,OX7 3AE,0976 530 5091
Michel,Connor,70511 Ridge Oak Place,Merton,England,SW19 3RZ,0568 541 4411
Romola,Thicking,19671 New Castle Park,Swindon,England,SN1 1DG,0777 900 5361
Dallas,Copas,5450 Jenifer Point,Norton,England,S8 0FA,0211 899 8511
Melitta,Deakes,406 Loeprich Street,Newtown,England,RG20 0AD,0963 685 8508
Catherin,Felce,55437 Mayfield Hill,Hatton,England,CV35 0AE,0443 414 9812
Bab,Dabes,492 Hoffman Junction,Horton,England,BS37 0BL,0496 305 4797
Rosco,Tassel,025 Bunting Center,West End,England,DN36 4AH,0463 117 2684
Ethelda,Rapkins,2082 Reinke Point,Burnside,Scotland,EH52 5AB,0796 202 0999
Galvin,Papez,46074 Anniversary Point,Birmingham,England,B40 1PA,0442 577 0414
Seka,Hann,145 Northport Way,Carlton,England,DL8 1AB,0499 785 4409
Dominga,Smylie,68 Menomonie Parkway,Manchester,England,M14 0HD,0828 568 2515
